编号,分组,类别,测试步骤,预期结果,实际结果,pass/fail

# ═══════════════════════════════════════════════════════════════
# A组：全链路测试（真实 agent 跑完整流程）
# ═══════════════════════════════════════════════════════════════
TC26,A-全链路,全链路-exp算子,"1. source ~/.bashrc && cd pypto-workflow
2. python orchestrator.py --task-dir .../tasks/level1/exp --max-iter 3（不加timeout）
3. 等待自然完成
4. 检查所有产物和日志","1. stopped_by 有值
2. state_transitions.log 含完整状态链
3. impl/ 有代码+setup.py
4. build.log 含 STATUS: SUCCESS
5. precision_result.json 存在
6. FINAL_REPORT.md 存在
7. 无 API 错误",,

# ═══════════════════════════════════════════════════════════════
# B组：单阶段验证（验证每个阶段独立产出是否正确）
# ═══════════════════════════════════════════════════════════════
TC01,B-单阶段,阶段1-需求分析,"1. 启动 orchestrator --max-iter 1
2. 等待阶段1完成
3. cat <work>/ANALYSIS.md | wc -c
4. cat .state.json | grep current_stage","1. ANALYSIS.md >100字符
2. current_stage 含 stage2
3. 终端显示输入/输出路径",,
TC02,B-单阶段,阶段2-编写代码,"1. 等待阶段2完成
2. ls <work>/impl/
3. 检查 setup.py 存在","1. impl/ 下有算子文件+setup.py
2. current_stage 含 stage4",,
TC03,B-单阶段,阶段4-编译部署,"1. 等待阶段4完成
2. cat build/<iter>/build.log | tail -3","1. build.log 存在
2. 末尾含 STATUS: SUCCESS 或 FAILED",,
TC04,B-单阶段,阶段5-精度评测,"1. 等待阶段5完成
2. cat eval/<iter>/precision_result.json","1. JSON 合法
2. 含 precision_overall 字段
3. 含 total_cases >0",,
TC05,B-单阶段,阶段6-性能评测,"1. 等待阶段6完成
2. cat eval/<iter>/perf_result.json","1. JSON 合法
2. 含 perf_pass 字段
3. 含 overall_score 字段",,
TC06,B-单阶段,阶段7-profiling,"1. 等待阶段7完成
2. cat profile/<iter>/bottleneck_analysis.md","1. 文件存在且非空
2. 含瓶颈分析内容",,
TC07,B-单阶段,阶段8-搜索,"1. 等待阶段8完成
2. ls search/<iter>/SEARCH_REPORT.md
3. ls search/<iter>/FIX_DIRECTIVE.md","1. 两个文件都存在且非空
2. 终端显示 [N3 Hermes] 启动搜索",,
TC08,B-单阶段,阶段3-修改回退,"1. 阶段8完成后观察
2. grep prompt 中的文件路径","1. prompt 含 FIX_DIRECTIVE.md 路径
2. prompt 含 bottleneck_analysis.md 路径",,
TC09,B-单阶段,阶段9-最终报告,"1. 达到 max_iter 或性能达标后
2. cat FINAL_REPORT.md | head -10","1. FINAL_REPORT.md 存在且非空
2. 含'算子评测报告'字样
3. stopped_by 有值",,

# ═══════════════════════════════════════════════════════════════
# C组：路由逻辑测试（构造场景验证 if/else 路由）
# ═══════════════════════════════════════════════════════════════
TC10,C-路由,编译失败→阶段3,"1. 构造 impl/ 无 setup.py
2. 让 orchestrator 跑阶段4
3. 检查 build.log 和日志","1. build.log 含 STATUS: FAILED
2. 日志显示'编译失败→阶段3'
3. cannbot 被调用修复",,
TC11,C-路由,精度失败→阶段3,"1. precision_result.json 中 precision_overall=false
2. 观察路由","1. 日志显示'精度不通过→阶段3'
2. cannbot 被调用修复",,
TC12,C-路由,性能达标→阶段9,"1. perf_result.json 中 perf_pass=true
2. 观察路由","1. 日志显示'性能达标→阶段9'
2. stopped_by=target_met
3. 不进入阶段7/8",,
TC13,C-路由,迭代上限→阶段9,"1. --max-iter 1 跑完
2. 检查 stopped_by","1. stopped_by=max_iterations
2. FINAL_REPORT.md 生成",,
TC27,C-路由,perf_optimize路径阶段3,"1. 性能不达标→阶段7→8→3 全路径
2. 检查无异常","1. 不报 NameError
2. stage3 被正确调用
3. prompt 含 FIX_DIRECTIVE 路径",,
TC29,C-路由,完整迭代循环,"1. 跑2轮完整迭代
2. 检查 state_transitions.log","1. 状态链含 stage4→5→6→7→8→3→stage4
2. iteration 递增
3. 无异常退出",,

# ═══════════════════════════════════════════════════════════════
# D组：断点续跑测试
# ═══════════════════════════════════════════════════════════════
TC30,D-断点续跑,从stage3恢复,"1. 设置 current_stage=iter1_stage3
2. 启动续跑
3. 观察行为","1. 进入新一轮 iteration+1
2. 从阶段4开始
3. 不重复阶段3",,
TC31,D-断点续跑,从stage5恢复,"1. 设置 current_stage=iter1_stage5
2. 确保 build.log 含 SUCCESS
3. 启动续跑","1. 跳过阶段4
2. 直接执行阶段5
3. iteration 不额外递增",,
TC32,D-断点续跑,从stage8恢复,"1. 设置 current_stage=iter1_stage8
2. 启动续跑","1. 跳过阶段4/5/6/7
2. 执行阶段8→3
3. 然后新一轮从阶段4",,
TC33,D-断点续跑,iteration不重复递增,"1. 设置 iteration=2 current_stage=iter2_stage6
2. 续跑完成后检查","1. 续跑期间 iteration=2
2. 这轮跑完后变3",,
TC34,D-断点续跑,state格式正确,"1. 正常跑一轮
2. 每次检查 current_stage","1. 格式为 iter{N}_stage{X}
2. state_transitions.log 记录",,

# ═══════════════════════════════════════════════════════════════
# E组：Agent 失败处理
# ═══════════════════════════════════════════════════════════════
TC14,E-失败处理,cannbot失败不空转,"1. cannbot returncode!=0 时
2. 检查后续行为","1. 日志打印失败信息
2. iteration 递增
3. 最终达 max_iter 退出",,
TC15,E-失败处理,kerminal失败,"1. kerminal 返回非0 或文件未生成
2. 检查 parse 返回值","1. parse 返回 False/默认值
2. 触发回退阶段3",,
TC28,E-失败处理,函数参数完整性,"1. grep self_goto_stage3 调用
2. 确认所有参数都传了","1. 都含 state_log/node_logs/iter_dirs
2. 无 NameError 风险",,

# ═══════════════════════════════════════════════════════════════
# F组：文件传输与状态管理
# ═══════════════════════════════════════════════════════════════
TC16,F-文件状态,task软链接,"1. ls -la <work>/task","1. 是软链接
2. 指向 cann-bench task 目录",,
TC17,F-文件状态,WORK_RECORD,"1. cat WORK_RECORD.md","1. 含每阶段时间戳记录
2. 时间递增",,
TC18,F-文件状态,workflow.log,"1. wc -l workflow.log","1. 行数>20
2. 含 INFO 和 DEBUG",,
TC19,F-文件状态,state实时更新,"1. 运行中检查 .state.json","1. current_stage 随阶段变化
2. 格式 iter{N}_stage{X}",,
TC20,F-文件状态,history数组,"1. 跑完后检查 history","1. 长度=迭代轮数
2. 含 precision_pass/perf_pass",,
TC21,F-文件状态,max_iter=1边界,"1. --max-iter 1 跑完","1. 只有 ITER1
2. FINAL_REPORT 生成",,

# ═══════════════════════════════════════════════════════════════
# G组：进度输出与监控
# ═══════════════════════════════════════════════════════════════
TC22,G-监控,心跳30s,"1. 观察终端","1. 每30秒显示'仍在运行...'
2. 时间递增",,
TC23,G-监控,无session代码,"1. grep agent_runner.py","1. 无 --session/resume 代码",,
TC24,G-监控,prompt含文件路径,"1. grep workflow.log","1. prompt 含绝对路径
2. 含 iter{N}/ 目录",,
TC25,G-监控,防空转iteration递增,"1. cannbot 持续失败
2. 检查 iteration","1. 每轮+1
2. 达 max_iter 退出",,
